Namn,Okt-7,Okt-14,Okt-28,Nov-4,Nov-11,Nov-18,Nov-25,Dec-2,Dec-9,Dec-16,Jan-13,Jan-20,Jan-27,Feb-3,Feb-10,Feb-17,Feb-24,Tot
Alberto Di Prisco,3,,,,,,,,,,,,,,,,,3
Albin Kjellberg,3,,,,,,,,,,,,,,,,,3
Gunnar From,3,,,,,,,,,,,,,,,,,3
Hans Blumentahl,3,,,,,,,,,,,,,,,,,3
Jacob Hjelmberg,3,,,,,,,,,,,,,,,,,3
Jakob Thilman,3,,,,,,,,,,,,,,,,,3
Jan Gustafsson,3,,,,,,,,,,,,,,,,,3
Johan Solberg,3,,,,,,,,,,,,,,,,,3
Kent Martin,3,,,,,,,,,,,,,,,,,3
Martin Vallée,3,,,,,,,,,,,,,,,,,3
Ola Högberg,3,,,,,,,,,,,,,,,,,3
Olle Flyg,3,,,,,,,,,,,,,,,,,3
Paul Dahlqvist,3,,,,,,,,,,,,,,,,,3
Peder Gustafsson,3,,,,,,,,,,,,,,,,,3
Stefan Englund,3,,,,,,,,,,,,,,,,,3
Adam Arpegård,1,,,,,,,,,,,,,,,,,1
Claes Broström,1,,,,,,,,,,,,,,,,,1
Claes Gunnarson,1,,,,,,,,,,,,,,,,,1
Conrad Schelly,1,,,,,,,,,,,,,,,,,1
Dante Vidin,1,,,,,,,,,,,,,,,,,1
Filip Lindhfors,1,,,,,,,,,,,,,,,,,1
Gustav Wernerman,1,,,,,,,,,,,,,,,,,1
Johan Larsson,1,,,,,,,,,,,,,,,,,1
Johan Runnqvist,1,,,,,,,,,,,,,,,,,1
Kristina Söderström,1,,,,,,,,,,,,,,,,,1
Magnus Bjärnlid,1,,,,,,,,,,,,,,,,,1
Melker Brodin,1,,,,,,,,,,,,,,,,,1
Robin Tjärnlund,1,,,,,,,,,,,,,,,,,1
Sofie Nordlund,1,,,,,,,,,,,,,,,,,1
Thomas Östman,1,,,,,,,,,,,,,,,,,1
